,index,card_accptr_nm_addr,pri_acct_no_conv,resp_cd4,trans_id,amt_sum,cnt_sum,amt_max,amt_min,latest_settle_tm,yearmonth,dt,dc_flag,bill_no
0,199,360借条还款,0EFAFDB1C067CB8DE093ACAB23F17855BE7DB4CAF90A8CE95E40C9634CA013C2,0,W20,112,1,111.65,111.65,700,202201,20220108,debit,1
2,423,360借条还款,0EFAFDB1C067CB8DE093ACAB23F17855BE7DB4CAF90A8CE95E40C9634CA013C2,51,W20,112,1,111.65,111.65,700,202202,20220208,debit,1
4,141,360借条还款,0EFAFDB1C067CB8DE093ACAB23F17855BE7DB4CAF90A8CE95E40C9634CA013C2,51,W20,142,1,141.57,141.57,700,202202,20220213,debit,1
6,263,360借条还款,0EFAFDB1C067CB8DE093ACAB23F17855BE7DB4CAF90A8CE95E40C9634CA013C2,0,W20,112,1,111.65,111.65,700,202203,20220308,debit,1
11,277,360借条还款,0EFAFDB1C067CB8DE093ACAB23F17855BE7DB4CAF90A8CE95E40C9634CA013C2,0,W20,112,1,111.65,111.65,700,202204,20220408,debit,1
17,164,360借条还款,0EFAFDB1C067CB8DE093ACAB23F17855BE7DB4CAF90A8CE95E40C9634CA013C2,0,W20,112,1,111.65,111.65,700,202205,20220508,debit,1
20,111,360借条还款,0EFAFDB1C067CB8DE093ACAB23F17855BE7DB4CAF90A8CE95E40C9634CA013C2,0,W20,112,1,111.65,111.65,700,202206,20220608,debit,1
33,281,360借条还款,0EFAFDB1C067CB8DE093ACAB23F17855BE7DB4CAF90A8CE95E40C9634CA013C2,0,W20,112,1,111.65,111.65,700,202207,20220708,debit,1
67,20,天津金城银行股份有限公司,0EFAFDB1C067CB8DE093ACAB23F17855BE7DB4CAF90A8CE95E40C9634CA013C2,0,W20,112,1,111.65,111.65,700,202210,20221008,debit,1
148,124,天津金城银行股份有限公司,0EFAFDB1C067CB8DE093ACAB23F17855BE7DB4CAF90A8CE95E40C9634CA013C2,51,W20,112,1,111.65,111.65,600,202211,20221110,debit,1
3,384,360借条还款,0EFAFDB1C067CB8DE093ACAB23F17855BE7DB4CAF90A8CE95E40C9634CA013C2,51,W20,176,1,176.3,176.3,700,202202,20220210,debit,2
7,465,360借条还款,0EFAFDB1C067CB8DE093ACAB23F17855BE7DB4CAF90A8CE95E40C9634CA013C2,0,W20,176,1,176.3,176.3,700,202203,20220310,debit,2
12,25,360借条还款,0EFAFDB1C067CB8DE093ACAB23F17855BE7DB4CAF90A8CE95E40C9634CA013C2,0,W20,176,1,176.3,176.3,700,202204,20220410,debit,2
18,163,360借条还款,0EFAFDB1C067CB8DE093ACAB23F17855BE7DB4CAF90A8CE95E40C9634CA013C2,0,W20,176,1,176.3,176.3,1500,202205,20220510,debit,2
21,1,360借条还款,0EFAFDB1C067CB8DE093ACAB23F17855BE7DB4CAF90A8CE95E40C9634CA013C2,0,W20,176,1,176.3,176.3,700,202206,20220610,debit,2
34,270,360借条还款,0EFAFDB1C067CB8DE093ACAB23F17855BE7DB4CAF90A8CE95E40C9634CA013C2,0,W20,176,1,176.3,176.3,700,202207,20220710,debit,2
68,498,天津金城银行股份有限公司,0EFAFDB1C067CB8DE093ACAB23F17855BE7DB4CAF90A8CE95E40C9634CA013C2,51,W20,176,1,176.3,176.3,700,202210,20221010,debit,2
139,196,天津金城银行股份有限公司,0EFAFDB1C067CB8DE093ACAB23F17855BE7DB4CAF90A8CE95E40C9634CA013C2,51,W20,335,3,111.65,111.65,2000,202211,20221108,debit,2
143,332,天津金城银行股份有限公司,0EFAFDB1C067CB8DE093ACAB23F17855BE7DB4CAF90A8CE95E40C9634CA013C2,51,W20,335,3,111.65,111.65,1300,202211,20221109,debit,2
147,298,度小满科技（北京）有限公司,0EFAFDB1C067CB8DE093ACAB23F17855BE7DB4CAF90A8CE95E40C9634CA013C2,51,W20,176,2,100,76.48,200,202211,20221110,debit,2
